workspace,accountable,privileged members,domains
workspace-001,john.liu@design.org,paul.ross@edge.app,security.net;edge.app;sandbox.ai;design.org;financeops.eu
workspace-002,clara.keller@gateway.eu,zoe.koeman@corp.nl;felix.park@design-lab.io,hub.eu;ops.de;design.org;project.nl
workspace-003,megan.hendriks@corp.nl,olaf.koeman@corp.nl;noah.meyer@infra.net;john.park@design-lab.io;nick.vlaar@cluster.eu,project.nl;edge.app;research.ai;sandbox.ai;corp.nl
workspace-004,amy.liu@design-lab.io,nick.keller@design-lab.io;sara.vlaar@intra.local;nick.arnold@cluster.eu;olaf.ross@design.org,sandbox.ai;financeops.eu;cluster.eu;design.org
workspace-005,amy.hendriks@hub.eu,stefan.koeman@security.net;maria.meyer@hub.eu,security.net;corp.nl;gateway.eu;cluster.eu
workspace-006,clara.liu@hub.eu,amy.smith@design.org;sara.koeman@gateway.eu;megan.keller@intra.local,design.org;infra.net;research.ai;ops.de;corp.nl
workspace-007,stefan.vlaar@design.org,,
workspace-008,nick.liu@edge.app,nick.vlaar@design-lab.io;felix.arnold@sandbox.ai;megan.park@financeops.eu,design.org;hub.eu
workspace-009,kate.meyer@security.net,leon.koeman@security.net,
workspace-010,noah.liu@financeops.eu,clara.park@hub.eu;paul.keller@research.ai;emma.hendriks@research.ai;paul.keller@gateway.eu;emma.hendriks@corp.nl,infra.net
workspace-011,zoe.ross@sandbox.ai,megan.ross@infra.net;john.meyer@design-lab.io;clara.keller@security.net;nick.park@intra.local;clara.smith@project.nl,edge.app;intra.local
workspace-012,megan.vlaar@design.org,zoe.koeman@design.org;kate.liu@hub.eu;paul.arnold@corp.nl;isaac.liu@ops.de;nick.vlaar@intra.local,cluster.eu
workspace-013,amy.arnold@intra.local,max.meyer@design-lab.io;nick.koeman@corp.nl;alex.meyer@gateway.eu;olaf.smith@financeops.eu,edge.app;security.net
workspace-014,nick.vlaar@cluster.eu,isaac.hendriks@design.org;zoe.vlaar@research.ai;paul.arnold@hub.eu;maria.park@design-lab.io;stefan.arnold@gateway.eu,project.nl;security.net;gateway.eu
workspace-015,isaac.meyer@infra.net,felix.koeman@hub.eu,cluster.eu
workspace-016,paul.ross@research.ai,kate.liu@corp.nl;emma.smith@ops.de;felix.arnold@security.net;emma.park@hub.eu,
workspace-017,stefan.liu@edge.app,leon.park@intra.local;leon.liu@design.org,
workspace-018,maria.arnold@edge.app,noah.smith@ops.de,
workspace-019,olaf.vlaar@infra.net,,
workspace-020,max.keller@security.net,john.vlaar@gateway.eu;nick.ross@security.net;alex.ross@sandbox.ai;stefan.liu@edge.app,design-lab.io;cluster.eu;sandbox.ai;techlab.com
workspace-021,megan.hendriks@design.org,megan.arnold@infra.net,
workspace-022,zoe.keller@intra.local,max.smith@edge.app;zoe.arnold@techlab.com;stefan.arnold@project.nl,cluster.eu
workspace-023,john.koeman@research.ai,,hub.eu;edge.app
workspace-024,sara.liu@design-lab.io,zoe.koeman@design.org;sara.liu@techlab.com;felix.hendriks@infra.net;leon.arnold@security.net;noah.ross@edge.app,ops.de;corp.nl
workspace-025,felix.liu@cluster.eu,paul.hendriks@intra.local;nick.keller@design-lab.io;emma.ross@security.net,
workspace-026,isaac.smith@ops.de,,gateway.eu;corp.nl;project.nl;sandbox.ai
workspace-027,john.vlaar@ops.de,tom.arnold@ops.de;john.keller@ops.de,research.ai;sandbox.ai;cluster.eu
workspace-028,clara.meyer@design.org,isaac.meyer@financeops.eu;noah.koeman@financeops.eu;paul.hendriks@design-lab.io,
workspace-029,nick.koeman@financeops.eu,stefan.arnold@design-lab.io;alex.hendriks@ops.de;stefan.park@hub.eu;olaf.park@cluster.eu;olaf.liu@hub.eu,
workspace-030,megan.keller@design.org,alex.keller@gateway.eu;kate.ross@techlab.com;john.koeman@infra.net;leon.liu@design-lab.io,cluster.eu;gateway.eu;corp.nl;sandbox.ai;intra.local
workspace-031,max.hendriks@techlab.com,amy.liu@techlab.com;sara.koeman@gateway.eu,gateway.eu;research.ai;design.org;design-lab.io;sandbox.ai
workspace-032,tom.ross@project.nl,sara.keller@sandbox.ai;leon.hendriks@design-lab.io;olaf.smith@security.net,corp.nl;intra.local
workspace-033,max.smith@gateway.eu,,design.org;research.ai;design-lab.io;ops.de
workspace-034,kate.park@edge.app,,edge.app;financeops.eu
workspace-035,tom.koeman@security.net,noah.liu@design.org,cluster.eu
workspace-036,kate.vlaar@cluster.eu,alex.smith@research.ai;leon.arnold@design.org;stefan.smith@intra.local,financeops.eu;hub.eu;design.org;techlab.com
workspace-037,kate.arnold@project.nl,,project.nl;sandbox.ai;gateway.eu;cluster.eu
workspace-038,zoe.park@sandbox.ai,clara.ross@corp.nl;noah.ross@hub.eu,security.net;intra.local
workspace-039,amy.keller@infra.net,max.park@sandbox.ai;megan.park@design.org;alex.koeman@corp.nl,research.ai;security.net;sandbox.ai
workspace-040,alex.meyer@financeops.eu,tom.koeman@edge.app;isaac.arnold@gateway.eu;isaac.liu@hub.eu;amy.keller@sandbox.ai;isaac.liu@techlab.com,project.nl;infra.net;design-lab.io;gateway.eu
workspace-041,tom.smith@hub.eu,felix.meyer@sandbox.ai;noah.koeman@edge.app;amy.vlaar@techlab.com,corp.nl
workspace-042,noah.keller@security.net,kate.arnold@ops.de,sandbox.ai
workspace-043,alex.ross@cluster.eu,max.keller@gateway.eu;alex.vlaar@design.org;zoe.koeman@hub.eu,ops.de;edge.app;corp.nl
workspace-044,maria.smith@financeops.eu,felix.meyer@hub.eu;felix.park@infra.net;tom.vlaar@research.ai,
workspace-045,olaf.vlaar@gateway.eu,nick.meyer@corp.nl;emma.keller@security.net;emma.arnold@techlab.com;john.arnold@infra.net;amy.vlaar@techlab.com,intra.local;design-lab.io
workspace-046,clara.meyer@project.nl,,techlab.com;gateway.eu;design.org;design-lab.io
workspace-047,amy.smith@techlab.com,isaac.ross@edge.app;maria.smith@infra.net;tom.liu@techlab.com;zoe.liu@corp.nl;tom.meyer@sandbox.ai,sandbox.ai;project.nl;edge.app
workspace-048,emma.arnold@ops.de,sara.hendriks@sandbox.ai;felix.keller@design.org;amy.hendriks@gateway.eu,cluster.eu
workspace-049,amy.hendriks@edge.app,olaf.meyer@sandbox.ai;sara.hendriks@research.ai;isaac.arnold@corp.nl;clara.vlaar@infra.net,financeops.eu;edge.app;sandbox.ai;ops.de
workspace-050,zoe.smith@ops.de,leon.park@ops.de,ops.de;corp.nl;edge.app;techlab.com
workspace-051,olaf.arnold@hub.eu,sara.koeman@infra.net;maria.liu@cluster.eu,ops.de;sandbox.ai
workspace-052,amy.koeman@research.ai,alex.park@ops.de,infra.net;design.org;research.ai;edge.app;sandbox.ai
workspace-053,sara.ross@cluster.eu,olaf.vlaar@research.ai,intra.local;cluster.eu;gateway.eu
workspace-054,felix.park@intra.local,maria.koeman@gateway.eu,financeops.eu;techlab.com;corp.nl
workspace-055,kate.meyer@hub.eu,noah.meyer@cluster.eu;nick.hendriks@security.net;alex.liu@sandbox.ai;john.hendriks@research.ai,corp.nl
workspace-056,stefan.keller@financeops.eu,,edge.app;research.ai;corp.nl;hub.eu;cluster.eu
workspace-057,maria.meyer@project.nl,leon.koeman@design.org;max.keller@intra.local;stefan.keller@corp.nl;paul.smith@infra.net;maria.smith@ops.de,project.nl;sandbox.ai;financeops.eu
workspace-058,emma.arnold@infra.net,stefan.keller@edge.app;nick.keller@infra.net;amy.keller@edge.app;paul.park@sandbox.ai,cluster.eu;financeops.eu
workspace-059,zoe.ross@infra.net,john.koeman@cluster.eu;leon.arnold@ops.de,intra.local;research.ai;design.org;design-lab.io
workspace-060,tom.ross@techlab.com,,gateway.eu;hub.eu;infra.net;techlab.com
workspace-061,megan.meyer@design-lab.io,,gateway.eu;infra.net;cluster.eu
workspace-062,nick.ross@design.org,kate.vlaar@research.ai;felix.liu@edge.app;tom.smith@infra.net;sara.koeman@sandbox.ai;clara.ross@corp.nl,design.org;gateway.eu
workspace-063,john.liu@research.ai,nick.vlaar@security.net,ops.de;gateway.eu
workspace-064,maria.vlaar@research.ai,noah.hendriks@security.net,sandbox.ai;security.net;ops.de;infra.net
workspace-065,felix.vlaar@hub.eu,clara.ross@infra.net;kate.liu@project.nl;zoe.keller@techlab.com;megan.ross@gateway.eu;megan.hendriks@ops.de,cluster.eu;intra.local
workspace-066,emma.smith@corp.nl,stefan.hendriks@design.org;noah.keller@project.nl;isaac.keller@intra.local;emma.vlaar@sandbox.ai,edge.app;cluster.eu;intra.local;sandbox.ai;design-lab.io
workspace-067,zoe.park@edge.app,megan.keller@ops.de;paul.arnold@design.org;sara.ross@cluster.eu;clara.park@design-lab.io;leon.vlaar@project.nl,research.ai;sandbox.ai;edge.app
workspace-068,emma.keller@edge.app,maria.keller@project.nl,edge.app;techlab.com;security.net
workspace-069,paul.vlaar@cluster.eu,,security.net;infra.net
workspace-070,emma.meyer@design-lab.io,leon.arnold@infra.net,
workspace-071,clara.ross@cluster.eu,alex.koeman@corp.nl;sara.smith@security.net;max.liu@cluster.eu;sara.koeman@design-lab.io,cluster.eu;infra.net;intra.local;security.net
workspace-072,kate.arnold@infra.net,,design-lab.io;infra.net;intra.local;cluster.eu;ops.de
workspace-073,john.meyer@infra.net,megan.park@hub.eu;paul.park@design-lab.io,
workspace-074,maria.arnold@financeops.eu,isaac.vlaar@project.nl;zoe.keller@security.net;felix.meyer@cluster.eu;stefan.vlaar@cluster.eu;maria.hendriks@corp.nl,sandbox.ai
workspace-075,alex.park@design-lab.io,tom.koeman@sandbox.ai;alex.hendriks@security.net;felix.hendriks@project.nl;noah.liu@research.ai,infra.net;corp.nl;techlab.com;financeops.eu;edge.app
workspace-076,emma.vlaar@research.ai,clara.arnold@hub.eu;kate.hendriks@corp.nl;kate.ross@project.nl,cluster.eu;design-lab.io
workspace-077,john.keller@intra.local,max.koeman@ops.de;maria.vlaar@edge.app;felix.meyer@gateway.eu;kate.liu@financeops.eu;megan.keller@project.nl,project.nl;corp.nl;infra.net;design.org;hub.eu
workspace-078,sara.ross@corp.nl,,financeops.eu;corp.nl
workspace-079,max.ross@sandbox.ai,amy.arnold@cluster.eu,sandbox.ai;gateway.eu;infra.net;intra.local;design.org
workspace-080,maria.liu@corp.nl,,corp.nl;hub.eu;ops.de
workspace-081,olaf.vlaar@intra.local,tom.hendriks@cluster.eu;sara.ross@techlab.com;noah.hendriks@security.net;nick.ross@design-lab.io;sara.vlaar@hub.eu,techlab.com
workspace-082,noah.smith@hub.eu,megan.hendriks@cluster.eu,project.nl;intra.local;sandbox.ai
workspace-083,alex.park@gateway.eu,nick.park@gateway.eu,financeops.eu
workspace-084,paul.hendriks@security.net,kate.hendriks@intra.local;john.keller@cluster.eu;stefan.smith@project.nl,edge.app;hub.eu;design.org
workspace-085,alex.koeman@design.org,stefan.arnold@research.ai;paul.park@intra.local;paul.smith@gateway.eu;sara.meyer@infra.net;tom.vlaar@intra.local,corp.nl;cluster.eu;infra.net;hub.eu
workspace-086,noah.meyer@security.net,olaf.hendriks@hub.eu;max.arnold@techlab.com;megan.keller@design.org;leon.koeman@sandbox.ai,financeops.eu;intra.local;techlab.com;ops.de;sandbox.ai
workspace-087,noah.smith@gateway.eu,megan.park@edge.app,
workspace-088,paul.arnold@corp.nl,,corp.nl;security.net;intra.local
workspace-089,zoe.koeman@infra.net,,infra.net;sandbox.ai;techlab.com;research.ai
workspace-090,stefan.meyer@techlab.com,,infra.net;intra.local;corp.nl;security.net
workspace-091,tom.arnold@research.ai,clara.ross@project.nl,
workspace-092,leon.smith@sandbox.ai,emma.meyer@techlab.com,design-lab.io
workspace-093,clara.smith@gateway.eu,kate.park@ops.de;olaf.park@intra.local;maria.hendriks@hub.eu,hub.eu;infra.net;gateway.eu;sandbox.ai
workspace-094,megan.hendriks@sandbox.ai,nick.arnold@corp.nl;alex.smith@research.ai;nick.hendriks@cluster.eu;emma.koeman@infra.net,cluster.eu;research.ai;sandbox.ai;edge.app;project.nl
workspace-095,noah.hendriks@cluster.eu,isaac.ross@corp.nl,financeops.eu
workspace-096,felix.keller@research.ai,,corp.nl;intra.local;ops.de;cluster.eu
workspace-097,sara.ross@techlab.com,paul.vlaar@hub.eu;emma.ross@research.ai,financeops.eu
workspace-098,felix.smith@hub.eu,felix.liu@design-lab.io;megan.meyer@design-lab.io;stefan.hendriks@design-lab.io,design-lab.io
workspace-099,isaac.keller@financeops.eu,isaac.koeman@edge.app;stefan.ross@techlab.com;noah.hendriks@project.nl,financeops.eu;infra.net;edge.app;sandbox.ai;project.nl
workspace-100,olaf.hendriks@ops.de,sara.hendriks@hub.eu,
workspace-101,felix.keller@edge.app,leon.vlaar@corp.nl;amy.ross@edge.app,gateway.eu;project.nl;research.ai
workspace-102,emma.park@design-lab.io,,ops.de;design-lab.io;intra.local;hub.eu;sandbox.ai
workspace-103,max.keller@ops.de,zoe.vlaar@financeops.eu;noah.keller@design.org;paul.liu@sandbox.ai;leon.meyer@design-lab.io;megan.park@financeops.eu,research.ai;corp.nl;techlab.com
workspace-104,noah.hendriks@research.ai,,corp.nl;design.org;cluster.eu
workspace-105,felix.meyer@corp.nl,tom.arnold@research.ai;felix.ross@cluster.eu,financeops.eu;gateway.eu;corp.nl
workspace-106,john.ross@design.org,maria.smith@infra.net;zoe.koeman@security.net;olaf.ross@sandbox.ai;isaac.vlaar@security.net;emma.koeman@financeops.eu,security.net;financeops.eu
workspace-107,clara.vlaar@intra.local,,
workspace-108,alex.arnold@design.org,megan.park@techlab.com,edge.app
workspace-109,alex.koeman@design.org,john.ross@design-lab.io;emma.hendriks@cluster.eu;paul.meyer@corp.nl;sara.smith@gateway.eu,design-lab.io
workspace-110,felix.vlaar@gateway.eu,isaac.ross@techlab.com;emma.ross@ops.de,
workspace-111,nick.hendriks@project.nl,alex.vlaar@corp.nl;felix.koeman@techlab.com;leon.keller@hub.eu;amy.park@intra.local;alex.ross@corp.nl,ops.de;financeops.eu
workspace-112,nick.meyer@sandbox.ai,maria.ross@financeops.eu,edge.app;cluster.eu;financeops.eu;research.ai;ops.de
workspace-113,clara.liu@security.net,clara.liu@techlab.com;stefan.keller@project.nl;tom.vlaar@techlab.com;leon.vlaar@research.ai;isaac.keller@cluster.eu,
workspace-114,nick.park@infra.net,,project.nl
workspace-115,emma.ross@gateway.eu,,research.ai;project.nl;intra.local
workspace-116,megan.arnold@techlab.com,leon.vlaar@intra.local,project.nl
workspace-117,maria.arnold@project.nl,maria.meyer@ops.de,hub.eu;techlab.com;research.ai;corp.nl
workspace-118,megan.arnold@hub.eu,maria.park@design-lab.io,edge.app;intra.local;design-lab.io
workspace-119,alex.meyer@gateway.eu,max.hendriks@corp.nl;max.vlaar@financeops.eu;isaac.arnold@financeops.eu,techlab.com;hub.eu;sandbox.ai
workspace-120,alex.liu@cluster.eu,amy.park@sandbox.ai;paul.koeman@cluster.eu;clara.smith@edge.app;zoe.meyer@intra.local;nick.meyer@gateway.eu,intra.local;ops.de;sandbox.ai;security.net;hub.eu
workspace-121,john.koeman@sandbox.ai,olaf.liu@design.org;kate.vlaar@project.nl;sara.vlaar@ops.de;nick.vlaar@research.ai,cluster.eu;sandbox.ai;corp.nl
workspace-122,leon.vlaar@security.net,megan.park@security.net;sara.hendriks@cluster.eu,financeops.eu;cluster.eu;security.net;design-lab.io;ops.de
workspace-123,stefan.ross@corp.nl,paul.vlaar@edge.app;sara.arnold@research.ai;stefan.keller@design-lab.io,
workspace-124,maria.park@sandbox.ai,sara.hendriks@design-lab.io;felix.park@techlab.com,gateway.eu
workspace-125,sara.arnold@cluster.eu,megan.vlaar@gateway.eu,infra.net
workspace-126,john.hendriks@financeops.eu,,gateway.eu;hub.eu;cluster.eu;intra.local
workspace-127,max.ross@intra.local,,project.nl;intra.local;techlab.com
workspace-128,zoe.meyer@gateway.eu,emma.vlaar@design.org;max.vlaar@gateway.eu;max.park@project.nl,ops.de;research.ai;infra.net
workspace-129,john.arnold@financeops.eu,felix.keller@ops.de;olaf.vlaar@cluster.eu;john.koeman@security.net,
workspace-130,stefan.arnold@intra.local,zoe.vlaar@research.ai;nick.ross@techlab.com,ops.de;hub.eu;security.net;corp.nl
workspace-131,zoe.ross@ops.de,leon.liu@cluster.eu,design.org;research.ai;edge.app;cluster.eu
workspace-132,olaf.keller@security.net,,edge.app;infra.net;design-lab.io;project.nl
workspace-133,nick.koeman@gateway.eu,paul.meyer@sandbox.ai;max.liu@edge.app;kate.hendriks@project.nl;isaac.smith@intra.local,cluster.eu;edge.app;corp.nl;design-lab.io
workspace-134,alex.koeman@project.nl,paul.ross@corp.nl;stefan.meyer@cluster.eu,design-lab.io;sandbox.ai;intra.local;techlab.com
workspace-135,zoe.park@techlab.com,olaf.smith@intra.local;isaac.keller@edge.app;paul.ross@infra.net;amy.smith@techlab.com;john.meyer@project.nl,infra.net;ops.de;hub.eu;intra.local
workspace-136,clara.ross@intra.local,,design-lab.io;corp.nl;cluster.eu;edge.app
workspace-137,tom.park@sandbox.ai,leon.hendriks@design-lab.io;max.park@ops.de;noah.ross@design-lab.io;noah.hendriks@financeops.eu,gateway.eu;research.ai;techlab.com
workspace-138,noah.keller@hub.eu,felix.meyer@intra.local;sara.liu@infra.net,gateway.eu;design.org;edge.app
workspace-139,felix.arnold@hub.eu,,hub.eu;infra.net;ops.de;project.nl
workspace-140,amy.liu@infra.net,isaac.vlaar@intra.local;clara.smith@financeops.eu;paul.smith@edge.app,project.nl
workspace-141,olaf.park@project.nl,megan.keller@intra.local,edge.app
workspace-142,tom.ross@sandbox.ai,alex.keller@financeops.eu;maria.liu@infra.net;olaf.ross@ops.de;leon.keller@hub.eu;zoe.keller@intra.local,intra.local
workspace-143,zoe.hendriks@intra.local,emma.meyer@gateway.eu;olaf.park@security.net,research.ai;design-lab.io;ops.de;security.net
workspace-144,leon.hendriks@project.nl,paul.smith@design.org;felix.ross@cluster.eu;felix.park@edge.app;stefan.hendriks@gateway.eu,sandbox.ai;design-lab.io;financeops.eu;edge.app;gateway.eu
workspace-145,stefan.ross@intra.local,,security.net;cluster.eu;ops.de
workspace-146,zoe.hendriks@ops.de,,intra.local;ops.de;infra.net;edge.app
workspace-147,alex.keller@security.net,alex.ross@sandbox.ai;megan.meyer@sandbox.ai;olaf.keller@security.net,infra.net;financeops.eu;design-lab.io;ops.de
workspace-148,maria.smith@infra.net,felix.keller@project.nl;tom.koeman@sandbox.ai;leon.park@design.org,
workspace-149,kate.liu@intra.local,john.vlaar@project.nl;leon.vlaar@intra.local;stefan.meyer@project.nl,design.org;techlab.com;gateway.eu;corp.nl
workspace-150,max.liu@design-lab.io,,security.net
workspace-151,noah.ross@infra.net,noah.keller@hub.eu;emma.hendriks@financeops.eu;isaac.park@corp.nl;sara.keller@corp.nl;olaf.smith@design.org,financeops.eu;security.net;techlab.com;cluster.eu
workspace-152,maria.koeman@financeops.eu,kate.smith@design.org;alex.arnold@security.net;stefan.koeman@cluster.eu;olaf.arnold@infra.net;leon.vlaar@security.net,
workspace-153,clara.arnold@corp.nl,john.smith@edge.app,hub.eu;research.ai
workspace-154,leon.keller@techlab.com,isaac.hendriks@ops.de,gateway.eu;edge.app;security.net;design-lab.io;infra.net
workspace-155,maria.meyer@sandbox.ai,isaac.koeman@cluster.eu;clara.liu@techlab.com;paul.meyer@sandbox.ai,edge.app;project.nl;design-lab.io;ops.de;intra.local
workspace-156,john.ross@financeops.eu,kate.park@intra.local;noah.smith@sandbox.ai;tom.ross@gateway.eu,hub.eu;cluster.eu;financeops.eu;security.net
workspace-157,stefan.smith@design.org,felix.koeman@corp.nl;emma.smith@design-lab.io;tom.arnold@design.org;john.koeman@sandbox.ai;olaf.keller@cluster.eu,design-lab.io
workspace-158,clara.koeman@design-lab.io,stefan.koeman@design-lab.io;clara.koeman@project.nl,edge.app;project.nl;financeops.eu;sandbox.ai;techlab.com
workspace-159,tom.arnold@corp.nl,max.keller@sandbox.ai;sara.vlaar@corp.nl;isaac.liu@financeops.eu;zoe.arnold@cluster.eu;clara.hendriks@sandbox.ai,cluster.eu;financeops.eu
workspace-160,olaf.smith@design-lab.io,maria.vlaar@corp.nl;nick.arnold@sandbox.ai;felix.keller@techlab.com;isaac.ross@infra.net;john.smith@intra.local,project.nl;design-lab.io;intra.local
workspace-161,isaac.park@cluster.eu,,
workspace-162,paul.liu@sandbox.ai,max.koeman@financeops.eu;isaac.ross@design.org;isaac.park@design.org;leon.koeman@design-lab.io,infra.net;corp.nl;hub.eu;ops.de
workspace-163,paul.hendriks@research.ai,leon.liu@design-lab.io;leon.meyer@research.ai;megan.park@edge.app,design-lab.io;cluster.eu
workspace-164,max.keller@design-lab.io,,
workspace-165,sara.meyer@intra.local,,intra.local;cluster.eu;techlab.com;design-lab.io;research.ai
workspace-166,nick.vlaar@ops.de,max.hendriks@gateway.eu,corp.nl;financeops.eu;design-lab.io;project.nl
workspace-167,sara.liu@security.net,,gateway.eu
workspace-168,clara.hendriks@financeops.eu,john.smith@infra.net;isaac.ross@corp.nl,hub.eu
workspace-169,megan.arnold@design-lab.io,zoe.smith@sandbox.ai;tom.smith@research.ai;olaf.meyer@design.org,
workspace-170,megan.koeman@intra.local,amy.meyer@financeops.eu,techlab.com;cluster.eu;financeops.eu
workspace-171,alex.keller@research.ai,megan.hendriks@techlab.com;olaf.koeman@corp.nl;emma.arnold@design-lab.io;maria.park@infra.net,security.net;edge.app;hub.eu
workspace-172,emma.smith@edge.app,nick.keller@security.net,hub.eu
workspace-173,john.smith@infra.net,alex.koeman@research.ai;paul.keller@intra.local;paul.park@techlab.com;felix.park@research.ai,security.net;sandbox.ai
workspace-174,megan.smith@security.net,maria.koeman@design-lab.io;paul.vlaar@ops.de;maria.park@design-lab.io,edge.app;infra.net;intra.local;ops.de;design-lab.io
workspace-175,alex.ross@intra.local,,infra.net;edge.app;hub.eu;project.nl
workspace-176,leon.arnold@hub.eu,amy.keller@intra.local;maria.smith@project.nl;amy.park@techlab.com;amy.hendriks@design-lab.io,edge.app
workspace-177,felix.hendriks@gateway.eu,tom.liu@intra.local;zoe.vlaar@gateway.eu,gateway.eu;techlab.com;design-lab.io;financeops.eu
workspace-178,isaac.park@ops.de,,
workspace-179,zoe.vlaar@design.org,tom.smith@edge.app;clara.keller@design.org,ops.de
workspace-180,amy.meyer@security.net,paul.park@edge.app;isaac.keller@cluster.eu,infra.net;techlab.com;intra.local;gateway.eu
workspace-181,zoe.vlaar@ops.de,max.hendriks@edge.app;megan.smith@gateway.eu;zoe.keller@edge.app,edge.app
workspace-182,felix.koeman@hub.eu,stefan.hendriks@project.nl,
workspace-183,sara.liu@infra.net,amy.hendriks@intra.local;tom.arnold@research.ai;maria.park@infra.net;alex.hendriks@intra.local;tom.keller@sandbox.ai,ops.de;security.net;cluster.eu
workspace-184,paul.meyer@gateway.eu,,gateway.eu;cluster.eu;infra.net
workspace-185,amy.hendriks@edge.app,sara.vlaar@gateway.eu;amy.liu@design.org;olaf.ross@design.org;leon.keller@design-lab.io,gateway.eu;design-lab.io
workspace-186,max.ross@techlab.com,clara.meyer@hub.eu,cluster.eu;edge.app;sandbox.ai;design-lab.io
workspace-187,olaf.vlaar@design.org,max.ross@project.nl;tom.koeman@sandbox.ai;nick.arnold@intra.local;kate.vlaar@infra.net,cluster.eu
workspace-188,paul.meyer@research.ai,kate.smith@gateway.eu;isaac.vlaar@gateway.eu,design-lab.io;security.net
workspace-189,nick.keller@cluster.eu,maria.park@financeops.eu;leon.koeman@edge.app;sara.liu@design.org;tom.keller@design.org;tom.koeman@corp.nl,gateway.eu;hub.eu
workspace-190,maria.arnold@intra.local,john.keller@financeops.eu;sara.vlaar@sandbox.ai;olaf.park@security.net;max.meyer@design-lab.io;megan.keller@corp.nl,corp.nl;hub.eu;infra.net;research.ai;intra.local
workspace-191,max.liu@edge.app,noah.hendriks@infra.net;maria.smith@design.org;zoe.hendriks@hub.eu;alex.smith@security.net,sandbox.ai
workspace-192,zoe.ross@design.org,maria.smith@security.net;stefan.arnold@ops.de;maria.smith@ops.de;zoe.ross@hub.eu,research.ai;sandbox.ai
workspace-193,paul.hendriks@gateway.eu,megan.meyer@techlab.com;zoe.park@edge.app;zoe.liu@ops.de,cluster.eu;hub.eu;edge.app;project.nl
workspace-194,nick.koeman@design-lab.io,nick.vlaar@design.org;zoe.meyer@design.org,research.ai;sandbox.ai;infra.net
workspace-195,max.ross@edge.app,stefan.keller@cluster.eu;kate.arnold@hub.eu,
workspace-196,max.keller@design.org,,design.org;infra.net;edge.app
workspace-197,zoe.vlaar@sandbox.ai,megan.vlaar@intra.local;zoe.park@gateway.eu;felix.meyer@ops.de,research.ai;techlab.com
workspace-198,emma.meyer@financeops.eu,tom.koeman@research.ai;tom.meyer@financeops.eu;megan.meyer@gateway.eu;kate.hendriks@ops.de,cluster.eu;financeops.eu
workspace-199,emma.meyer@corp.nl,,
workspace-200,isaac.ross@intra.local,amy.vlaar@hub.eu;max.park@corp.nl;isaac.park@project.nl,financeops.eu;ops.de
